repository	commit	path	sha256
https://github.com/safrano9999/openclaw-ephemeral.git	02473052735acf3da1a89c5000b9bc7772152271	Containerfile	d1895e0e8a7107b70bb7fb18c465c5a2498af7ef2e87d6d8e0eb4daa64e78703
https://github.com/safrano9999/openclaw-ephemeral.git	02473052735acf3da1a89c5000b9bc7772152271	build/install-openclaw-deterministic.sh	949afa7282756d17e4280eae4288fa328a983be780234e9336528bd305003753
https://github.com/safrano9999/openclaw-ephemeral.git	02473052735acf3da1a89c5000b9bc7772152271	build/install-note-release.sh	7646d3a3e959d1c6e20931cd56df7f00e7999a3860f768cf1b791f278b93abce
https://github.com/safrano9999/openclaw-ephemeral.git	02473052735acf3da1a89c5000b9bc7772152271	openclaw-ephemeral.py	e49a6b5bec4f9070ef6be8bc591fb7c1dedbaca8290c4b5ac19551ce5d19b914
https://github.com/safrano9999/openclaw-ephemeral.git	02473052735acf3da1a89c5000b9bc7772152271	openclaw_ephemeral/__init__.py	06f6cf77ad44154b5f4c8e83b563f623a20d5bd2ed47f0b3e78ee812e7a5ce78
https://github.com/safrano9999/openclaw-ephemeral.git	02473052735acf3da1a89c5000b9bc7772152271	openclaw_ephemeral/cli.py	4d9fadd7f22b7759434842a06758f3e76471988a90e16c9f7be53ed8bf3eabab
https://github.com/safrano9999/openclaw-ephemeral.git	02473052735acf3da1a89c5000b9bc7772152271	openclaw_ephemeral/configuration.py	7641d82d21d035e5d12c8a8d1cda49f159b6c1a2dd1970eb9eb193a87d26eaf2
https://github.com/safrano9999/openclaw-ephemeral.git	02473052735acf3da1a89c5000b9bc7772152271	openclaw_ephemeral/environment.py	18ed1cdcdca1d62f89f5c423aa1dfc159aec7122a70634a01179735a95f0b007
https://github.com/safrano9999/openclaw-ephemeral.git	02473052735acf3da1a89c5000b9bc7772152271	openclaw_ephemeral/filesystem.py	eb6890eb928be0533ecadf3e0223ee67e020ab5ba8ec67398539c9a59bc4121e
https://github.com/safrano9999/openclaw-ephemeral.git	02473052735acf3da1a89c5000b9bc7772152271	openclaw_ephemeral/providers.py	7d8991be9592cbd411690c6705c1775e018f58601dab5cde9b3d7bfaa4d5575f
https://github.com/safrano9999/openclaw-ephemeral.git	02473052735acf3da1a89c5000b9bc7772152271	runtime/yolo.sh	5137ffbce8746c257c6ad91c9152f87ae59b314f19d08179ea40f06d32e8301a
